"","species","maxcatch","fmsy","catch90","fmsy90l","fmsy90r","NatM"
"1","cod",164006000,0.121066666666667,147605400,0.0734666666666667,0.168666666666667,0.2
"77","flatfish",6927.52,0.279733333333333,6234.768,0.168666666666667,0.470133333333333,0.2
"153","hake",402015,0.307706666666667,361813.5,0.16808,0.517146666666667,0.22
"229","hake-age",409792,0.32516,368812.8,0.185533333333333,0.58696,0.22
"305","mackerel",1768.41,0.858,1591.569,0.461333333333333,1.49266666666667,0.5
"381","mackerel-age",1752.54,1.096,1577.286,0.540666666666667,2.12733333333333,0.5
"457","yellow",77.348,0.0302666666666667,69.6132,0.0223333333333333,0.0461333333333333,0.05
"533","yellow-age",71.7349,0.0302666666666667,64.56141,0.0183666666666667,0.0421666666666667,0.05
